"1","Raj Mehta","64","Male","raj.mehta01@example.in","919812759037","Indian","Senior Citizen","NO"
"2","Sneha Das","17","Female","sneha.das02@example.in","917933239303","Indian","Student","YES"
"3","Mohit Verma","90","Male","mohit.verma03@example.in","918784996514","Indian","Senior Citizen","NO"
"4","Nitin Mehta","86","Male","nitin.mehta04@example.in","916578309734","Indian","Senior Citizen","NO"
"5","Vikram Das","16","Male","vikram.das05@example.in","916931846426","Indian","Student","NO"
"6","Ravi Joshi","10","Male","ravi.joshi06@example.in","917193674272","Indian","Child","NO"
"7","Vikram Joshi","11","Male","vikram.joshi07@example.in","919885884568","Indian","Child","NO"
"8","Suresh Kumar","72","Male","suresh.kumar08@example.in","913741268827","Indian","Senior Citizen","NO"
"9","Arjun Sharma","17","Male","arjun.sharma09@example.in","918225366892","Indian","Student","NO"
"10","Sneha Gupta","22","Female","sneha.gupta10@example.in","916224157080","Indian","Adult","NO"
"11","Kavita Joshi","77","Female","kavita.joshi11@example.in","914873788718","Indian","Senior Citizen","YES"
"12","Suresh Sharma","9","Male","suresh.sharma12@example.in","913046266055","Indian","Child","NO"
"13","Kavita Sharma","84","Female","kavita.sharma13@example.in","919809295306","Indian","Senior Citizen","NO"
"14","Pooja Joshi","32","Female","pooja.joshi14@example.in","919506558200","Indian","Adult","NO"
"15","Ravi Patel","7","Male","ravi.patel15@example.in","916369228330","Indian","Child","NO"
"16","Amit Das","76","Male","amit.das16@example.in","919226472163","Indian","Senior Citizen","NO"
"17","Arjun Reddy","67","Male","arjun.reddy17@example.in","917674108476","Indian","Senior Citizen","YES"
"18","Mohit Gupta","24","Male","mohit.gupta18@example.in","916919052014","Indian","Adult","NO"
"19","Arjun Reddy","73","Male","arjun.reddy19@example.in","914203987218","Indian","Senior Citizen","NO"
"20","Sneha Verma","87","Female","sneha.verma20@example.in","913749304790","Indian","Senior Citizen","NO"
"21","Karan Patel","71","Male","karan.patel21@example.in","919486376525","Indian","Senior Citizen","NO"
"22","Raj Mehta","34","Male","raj.mehta22@example.in","919427793377","Indian","Adult","NO"
"23","Sneha Gupta","61","Female","sneha.gupta23@example.in","916982397561","Indian","Senior Citizen","NO"
"24","Ravi Sharma","84","Male","ravi.sharma24@example.in","917107102417","Indian","Senior Citizen","NO"
"25","Ritu Mehta","24","Female","ritu.mehta25@example.in","915490178642","Indian","Adult","NO"
"26","Sneha Das","13","Female","sneha.das26@example.in","912906310417","Indian","Student","YES"
"27","Rahul Patel","56","Male","rahul.patel27@example.in","916088492045","Indian","Adult","NO"
"28","Nisha Mehta","72","Female","nisha.mehta28@example.in","914557078647","Indian","Senior Citizen","NO"
"29","Neha Patel","80","Female","neha.patel29@example.in","917596356891","Indian","Senior Citizen","NO"
"30","Sunita Gupta","65","Female","sunita.gupta30@example.in","917076879725","Indian","Senior Citizen","NO"
"31","Arjun Gupta","89","Male","arjun.gupta31@example.in","917200248281","Indian","Senior Citizen","NO"
"32","Amit Patel","10","Male","amit.patel32@example.in","918355445606","Indian","Child","NO"
"33","Ritu Sharma","48","Female","ritu.sharma33@example.in","914001194216","Indian","Adult","NO"
"34","Meena Singh","72","Female","meena.singh34@example.in","914600703348","Indian","Senior Citizen","NO"
"35","Nisha Das","18","Female","nisha.das35@example.in","912872124906","Indian","Student","NO"
"36","Ravi Patel","40","Male","ravi.patel36@example.in","914925033634","Indian","Adult","NO"
"37","Suresh Patel","30","Male","suresh.patel37@example.in","918783807383","Indian","Adult","NO"
"38","Rahul Kumar","41","Male","rahul.kumar38@example.in","913910398332","Indian","Adult","NO"
"39","Amit Singh","17","Male","amit.singh39@example.in","916059186856","Indian","Student","NO"
"40","Mohit Das","52","Male","mohit.das40@example.in","918567458827","Indian","Adult","NO"
"41","Arjun Das","67","Male","arjun.das41@example.in","918865342761","Indian","Senior Citizen","NO"
"42","Ritu Joshi","32","Female","ritu.joshi42@example.in","916096243471","Indian","Adult","NO"
"43","Meena Mehta","84","Female","meena.mehta43@example.in","914988372654","Indian","Senior Citizen","NO"
"44","Ritu Kumar","40","Female","ritu.kumar44@example.in","916774512756","Indian","Adult","NO"
"45","Kavita Gupta","58","Female","kavita.gupta45@example.in","913777222742","Indian","Adult","NO"
"46","Anjali Gupta","50","Female","anjali.gupta46@example.in","915247938830","Indian","Adult","NO"
"47","Mohit Singh","44","Male","mohit.singh47@example.in","916307105925","Indian","Adult","NO"
"48","Suresh Reddy","79","Male","suresh.reddy48@example.in","919050511154","Indian","Senior Citizen","NO"
"49","Ravi Das","63","Male","ravi.das49@example.in","912490572114","Indian","Senior Citizen","NO"
"50","Rahul Joshi","18","Male","rahul.joshi50@example.in","916914170640","Indian","Student","NO"
"51","Karan Joshi","64","Male","karan.joshi51@example.in","917224183129","Indian","Senior Citizen","NO"
"52","Mohit Singh","35","Male","mohit.singh52@example.in","912421179121","Indian","Adult","NO"
"53","Rahul Das","27","Male","rahul.das53@example.in","917091040262","Indian","Adult","NO"
"54","Suresh Gupta","62","Male","suresh.gupta54@example.in","912556865031","Indian","Senior Citizen","NO"
"55","Sneha Singh","24","Female","sneha.singh55@example.in","915733998602","Indian","Adult","NO"
"56","Nitin Gupta","31","Male","nitin.gupta56@example.in","913486206948","Indian","Adult","YES"
"57","Nisha Sharma","88","Female","nisha.sharma57@example.in","917613677023","Indian","Senior Citizen","NO"
"58","Amit Sharma","46","Male","amit.sharma58@example.in","919435707637","Indian","Adult","NO"
"59","Priya Singh","83","Female","priya.singh59@example.in","919985740433","Indian","Senior Citizen","NO"
"60","Meena Sharma","19","Female","meena.sharma60@example.in","919469028537","Indian","Student","NO"
"61","Ravi Reddy","82","Male","ravi.reddy61@example.in","912959479958","Indian","Senior Citizen","NO"
"62","Nisha Das","25","Female","nisha.das62@example.in","918029286171","Indian","Adult","NO"
"63","Nitin Das","24","Male","nitin.das63@example.in","915969414151","Indian","Adult","NO"
"64","Suresh Reddy","26","Male","suresh.reddy64@example.in","913497360057","Indian","Adult","NO"
"65","Priya Joshi","62","Female","priya.joshi65@example.in","913459788665","Indian","Senior Citizen","NO"
"66","Pooja Gupta","13","Female","pooja.gupta66@example.in","915507518090","Indian","Student","NO"
"67","Suresh Sharma","3","Male","suresh.sharma67@example.in","917733441158","Indian","Child","NO"
"68","Suresh Gupta","67","Male","suresh.gupta68@example.in","913991423461","Indian","Senior Citizen","NO"
"69","Anjali Mehta","82","Female","anjali.mehta69@example.in","914964399839","Indian","Senior Citizen","NO"
"70","Kavita Das","77","Female","kavita.das70@example.in","916196282577","Indian","Senior Citizen","NO"
"71","Meena Verma","87","Female","meena.verma71@example.in","914236809818","Indian","Senior Citizen","YES"
"72","Ritu Sharma","56","Female","ritu.sharma72@example.in","918046784147","Indian","Adult","NO"
"73","Neha Das","17","Female","neha.das73@example.in","915184165976","Indian","Student","NO"
"74","Karan Reddy","76","Male","karan.reddy74@example.in","917125077411","Indian","Senior Citizen","NO"
"75","Karan Mehta","87","Male","karan.mehta75@example.in","914916335125","Indian","Senior Citizen","YES"
"76","Karan Singh","80","Male","karan.singh76@example.in","917164736699","Indian","Senior Citizen","NO"
"77","Vikram Verma","55","Male","vikram.verma77@example.in","916742484455","Indian","Adult","NO"
"78","Ravi Das","76","Male","ravi.das78@example.in","912864863136","Indian","Senior Citizen","NO"
"79","Neha Patel","64","Female","neha.patel79@example.in","918426414850","Indian","Senior Citizen","NO"
"80","Raj Gupta","12","Male","raj.gupta80@example.in","918548175481","Indian","Child","NO"
"81","Sunita Reddy","65","Female","sunita.reddy81@example.in","915182637811","Indian","Senior Citizen","YES"
"82","Rahul Patel","82","Male","rahul.patel82@example.in","917381277061","Indian","Senior Citizen","NO"
"83","Nitin Mehta","79","Male","nitin.mehta83@example.in","917544001880","Indian","Senior Citizen","NO"
"84","Sneha Patel","45","Female","sneha.patel84@example.in","914530455352","Indian","Adult","NO"
"85","Ravi Mehta","7","Male","ravi.mehta85@example.in","919825881954","Indian","Child","NO"
"86","Nitin Joshi","26","Male","nitin.joshi86@example.in","916344112023","Indian","Adult","NO"
"87","Amit Patel","71","Male","amit.patel87@example.in","919357000852","Indian","Senior Citizen","NO"
"88","Ravi Das","84","Male","ravi.das88@example.in","915847502406","Indian","Senior Citizen","NO"
"89","Nitin Das","24","Male","nitin.das89@example.in","914326434312","Indian","Adult","NO"
"90","Neha Sharma","36","Female","neha.sharma90@example.in","917145991173","Indian","Adult","NO"
"91","Kavita Joshi","33","Female","kavita.joshi91@example.in","917346605362","Indian","Adult","NO"
"92","Suresh Mehta","24","Male","suresh.mehta92@example.in","919917018756","Indian","Adult","NO"
"93","Ritu Kumar","42","Female","ritu.kumar93@example.in","914378215549","Indian","Adult","NO"
"94","Kavita Patel","58","Female","kavita.patel94@example.in","917632801939","Indian","Adult","NO"
"95","Raj Reddy","43","Male","raj.reddy95@example.in","916244414766","Indian","Adult","NO"
"96","Nitin Das","39","Male","nitin.das96@example.in","912479600208","Indian","Adult","NO"
"97","Amit Reddy","1","Male","amit.reddy97@example.in","919739503906","Indian","Child","NO"
"98","Nitin Mehta","54","Male","nitin.mehta98@example.in","914433768702","Indian","Adult","NO"
"99","Karan Kumar","56","Male","karan.kumar99@example.in","918469021042","Indian","Adult","NO"
"100","Vikram Reddy","70","Male","vikram.reddy100@example.in","915780342732","Indian","Senior Citizen","NO"
