"1","New Delhi Station","New Delhi","Delhi",\N,"+916949510404","+916949510404","ND"
"2","Howrah Junction","Kolkata","West Bengal",\N,"+917754600909","+917754600909","H"
"3","Chennai Central","Chennai","Tamil Nadu",\N,"+916125843516","+916125843516","CC"
"4","Mumbai CST","Mumbai","Maharashtra",\N,"+917959015068","+917959015068","MC"
"5","Bangalore City","Bangalore","Karnataka",\N,"+918818257315","+918818257315","BC"
"6","Secunderabad Junction","Hyderabad","Telangana",\N,"+916890792958","+916890792958","S"
"7","Pune Junction","Pune","Maharashtra",\N,"+917911697070","+917911697070","P"
"8","Lucknow NR","Lucknow","Uttar Pradesh",\N,"+919102449952","+919102449952","LN"
"9","Patna Junction","Patna","Bihar",\N,"+917278122947","+917278122947","P"
"10","Bhopal Junction","Bhopal","Madhya Pradesh",\N,"+918155671763","+918155671763","B"
"11","Nagpur Junction","Nagpur","Maharashtra",\N,"+916240912798","+916240912798","N"
"12","Kanpur Central","Kanpur","Uttar Pradesh",\N,"+919309670932","+919309670932","KC"
"13","Ahmedabad Junction","Ahmedabad","Gujarat",\N,"+919227995378","+919227995378","A"
"14","Coimbatore Junction","Coimbatore","Tamil Nadu",\N,"+916952558432","+916952558432","C"
"15","Vijayawada Junction","Vijayawada","Andhra Pradesh",\N,"+919606481750","+919606481750","V"
"16","New Jalpaiguri Station","Siliguri","West Bengal",\N,"+919034384201","+919034384201","NJ"
"17","Guwahati Station","Guwahati","Assam",\N,"+918315290334","+918315290334","G"
"18","Jaipur Junction","Jaipur","Rajasthan",\N,"+919528407799","+919528407799","J"
"19","Amritsar Junction","Amritsar","Punjab",\N,"+917263569873","+917263569873","A"
"20","Visakhapatnam Junction","Visakhapatnam","Andhra Pradesh",\N,"+916548283891","+916548283891","V"
